id,name_es,name_fr,name_de,name_it,name_ja,aliases_es,aliases_fr,aliases_de,aliases_it,aliases_ja
white_rice_katori,Arroz blanco al vapor,Riz blanc à la vapeur,Gedämpfter weißer Reis,Riso bianco al vapore,ご飯（白米）,arroz;arroz blanco;arroz hervido;arroz cocido;arroz al vapor,riz;riz blanc;riz cuit;riz nature;riz vapeur,reis;weißer reis;weisser reis;gekochter reis;gedämpfter reis,riso;riso bianco;riso in bianco;riso bollito;riso al vapore,ご飯;ごはん;白ご飯;白米;ライス;白いご飯
white_rice_plate,Arroz blanco al vapor (plato completo),Riz blanc à la vapeur (assiette pleine),Gedämpfter weißer Reis (ganzer Teller),Riso bianco al vapore (piatto pieno),ご飯（白米・皿一杯分）,plato de arroz;plato de arroz blanco;plato completo de arroz,assiette de riz;assiette de riz blanc;grande assiette de riz,teller reis;ein teller reis;teller mit reis;reisteller,piatto di riso;piatto di riso bianco;piatto pieno di riso,ご飯大盛り;大盛りご飯;ご飯一皿;皿一杯のご飯
brown_rice_katori,Arroz integral,Riz complet,Naturreis,Riso integrale,玄米（ご飯）,arroz integral;arroz moreno,riz complet;riz brun,naturreis;vollkornreis;brauner reis,riso integrale;riso grezzo,玄米;玄米ご飯;ブラウンライス
jeera_rice_katori,Arroz jeera (arroz con comino),Riz jeera (riz au cumin),Jeera-Reis (Kreuzkümmelreis),Riso jeera (riso al cumino),ジーラライス（クミンご飯）,arroz con comino;arroz al comino;arroz jeera,riz au cumin;riz jeera,kreuzkümmelreis;jeera reis;reis mit kreuzkümmel,riso al cumino;riso jeera,ジーラライス;クミンライス;クミンご飯
veg_pulao_katori,Pulao de verduras (arroz especiado con verduras),Pulao aux légumes (riz épicé aux légumes),Gemüse-Pulao (gewürzter Reis mit Gemüse),Pulao di verdure (riso speziato con verdure),野菜プラオ（野菜の炊き込みご飯）,pulao de verduras;arroz con verduras;pilaf de verduras,pulao aux légumes;riz aux légumes;pilaf de légumes;pilaf aux légumes,gemüse pulao;gemüsepulao;gemüsereis;reis mit gemüse;gemüse pilaw,pulao di verdure;riso con verdure;riso alle verdure;pilaf di verdure,プラオ;プラーオ;野菜プラオ;野菜ピラフ;ピラフ
khichdi_plate,Khichdi (arroz con dal moong),Khichdi (riz et dal moong),Khichdi (Reis mit Moong-Dal),Khichdi (riso e dal moong),キチュリ（米とムング豆の粥）,arroz con dal;arroz con dal moong;arroz con lentejas mungo,riz au dal;riz au dal moong;riz aux lentilles mungo,reis mit dal;reis mit mungdal;reis mit mungbohnen,riso con dal;riso con dal moong;riso e fagioli mung,キチュリ;キチュディ;キッチャリー
veg_biryani_plate,Biryani de verduras (arroz especiado),Biryani aux légumes (riz épicé),Gemüse-Biryani (Gewürzreis),Biryani di verdure (riso speziato),野菜ビリヤニ（スパイス炊き込みご飯）,biryani de verduras;biryani vegetal;biryani vegetariano,biryani aux légumes;biryani végétarien,gemüse biryani;gemüsebiryani;vegetarisches biryani,biryani di verdure,野菜ビリヤニ;ベジビリヤニ;ベジタブルビリヤニ
chicken_biryani_plate,Biryani de pollo (arroz especiado con pollo),Biryani au poulet (riz épicé au poulet),Hähnchen-Biryani (Gewürzreis mit Hähnchen),Biryani di pollo (riso speziato con pollo),チキンビリヤニ（鶏肉のスパイス炊き込みご飯）,biryani de pollo;biriani de pollo,biryani au poulet;biryani de poulet,hähnchen biryani;hähnchenbiryani;huhn biryani;biryani mit hähnchen,biryani di pollo;biryani al pollo,ビリヤニ;チキンビリヤニ;鶏肉ビリヤニ;鶏ビリヤニ
mutton_biryani_plate,Biryani de carnero (cabra o cordero),Biryani de mouton (chèvre ou agneau),Hammel-Biryani (Ziege oder Lamm),Biryani di montone (capra o agnello),マトンビリヤニ（ヤギ・羊肉の炊き込みご飯）,biryani de carnero;biryani de cordero;biryani de cabra,biryani de mouton;biryani au mouton;biryani de chèvre,hammel biryani;hammelbiryani;lamm biryani;lammbiryani;ziegen biryani,biryani di montone;biryani di agnello;biryani di capra,マトンビリヤニ;羊肉ビリヤニ;ヤギ肉ビリヤニ
roti_piece,Roti / chapati (pan plano sin ghee),Roti / chapati (galette de blé sans ghee),Roti / Chapati (Weizenfladenbrot ohne Ghee),Roti / chapati (pane piatto senza ghee),ロティ／チャパティ（ギーなしの全粒粉平焼きパン）,rotis;chapatis;roti sin ghee;chapati sin ghee,rotis;chapatis;roti sans ghee;chapati sans ghee,rotis;chapatis;roti ohne ghee;chapati ohne ghee,roti senza ghee;chapati senza ghee,ロティ;チャパティ;チャパーティー;ローティー
roti_ghee_piece,Roti con ghee (pan plano untado con ghee),Roti au ghee (galette nappée de ghee),Roti mit Ghee (Fladenbrot mit Butterschmalz),Roti con ghee (pane piatto con burro chiarificato),ギーロティ（ギーを塗ったロティ）,roti con ghee;chapati con ghee;roti con mantequilla,roti au ghee;chapati au ghee;roti beurré,roti mit ghee;chapati mit ghee;roti mit butter,roti con ghee;chapati con ghee;roti con burro,ギーロティ;ギー付きロティ;ギーチャパティ
paratha_piece,Paratha simple (pan plano hojaldrado a la plancha),Paratha nature (galette feuilletée poêlée),Paratha natur (geschichtetes gebratenes Fladenbrot),Paratha semplice (pane piatto sfogliato in padella),プレーンパラタ（層状の焼き平パン）,paratha simple;parathas,paratha nature;parathas,paratha natur;parathas;einfaches paratha,paratha semplice,パラタ;パラーター;パロタ;プレーンパラタ
aloo_paratha_piece,Aloo paratha (paratha relleno de patata),Aloo paratha (paratha farci aux pommes de terre),Aloo Paratha (Paratha mit Kartoffelfüllung),Aloo paratha (paratha ripieno di patate),アルーパラタ（じゃがいも入りパラタ）,paratha de patata;paratha relleno de patata;paratha de papa,paratha aux pommes de terre;paratha farci aux pommes de terre,kartoffel paratha;kartoffelparatha;paratha mit kartoffeln,paratha di patate;paratha alle patate,アルーパラタ;アルパラタ;じゃがいもパラタ;ポテトパラタ
paneer_paratha_piece,Paratha de paneer (relleno de queso fresco),Paratha au paneer (farci au fromage frais),Paneer-Paratha (mit Frischkäsefüllung),Paratha al paneer (ripieno di formaggio fresco),パニールパラタ（カッテージチーズ入りパラタ）,paratha de paneer;paratha de queso,paratha au paneer;paratha au fromage,paratha mit paneer;käse paratha;paratha mit käse,paratha al paneer;paratha al formaggio,パニールパラタ;チーズパラタ
puri_piece,Puri (pan de trigo frito e inflado),Puri (galette de blé frite et gonflée),Puri (frittiertes aufgeblähtes Weizenbrot),Puri (pane di frumento fritto e gonfio),プーリー（膨らんだ揚げパン）,puris,puris;pouri,puris,puri di frumento,プーリー;プーリ
luchi_piece,Luchi (puri de harina refinada),Luchi (puri à la farine blanche),Luchi (Puri aus Weißmehl),Luchi (puri di farina bianca),ルチ（精製小麦粉の揚げパン）,luchis;puri de harina blanca,luchis;puri à la farine blanche,luchis;weißmehl puri,puri di farina bianca,ルーチー;マイダプーリー
naan_piece,Naan (pan de horno tandoor),Naan (pain cuit au four tandoor),Naan (Fladenbrot aus dem Tandoor),Naan (pane cotto nel tandoor),ナン（タンドール窯焼きパン）,pan naan;naans,pain naan;naans,naan brot;naanbrot;naans,pane naan,ナン;バターナン;ガーリックナン;プレーンナン
jowar_roti_piece,Roti de jowar / bhakri (pan plano de sorgo),Roti de jowar / bhakri (galette de sorgho),Jowar-Roti / Bhakri (Sorghum-Fladenbrot),Roti di jowar / bhakri (pane piatto di sorgo),ジョワールロティ／バクリ（ソルガムの平焼きパン）,roti de sorgo;pan de sorgo;roti de jowar,galette de sorgho;roti de sorgho;roti de jowar,sorghumfladen;sorghum fladenbrot;jowar fladenbrot,roti di sorgo;pane di sorgo;roti di jowar,ジョワールロティ;バクリ;ソルガムロティ
bajra_roti_piece,Roti de bajra (pan plano de mijo perla),Roti de bajra (galette de mil à chandelle),Bajra-Roti (Fladenbrot aus Perlhirse),Roti di bajra (pane piatto di miglio perlato),バジュラロティ（トウジンビエの平焼きパン）,roti de mijo perla;roti de bajra,galette de mil;roti de mil;roti de bajra,perlhirse roti;perlhirsefladen;bajra fladenbrot,roti di miglio perlato;roti di bajra,バジュラロティ;バジラロティ;トウジンビエロティ
makki_roti_piece,Makki ki roti (pan plano de maíz),Makki ki roti (galette de maïs),Makki ki Roti (Maisfladenbrot),Makki ki roti (pane piatto di mais),マッキキロティ（トウモロコシ粉の平焼きパン）,roti de maíz;roti de maiz;pan plano de maíz,galette de maïs;roti de maïs,maisfladen;maisfladenbrot;mais roti,roti di mais;pane piatto di mais,マッキキロティ;マッキーロティ;コーンロティ
ragi_mudde_piece,Ragi mudde (bola de mijo africano),Ragi mudde (boule de millet éleusine),Ragi Mudde (Fingerhirse-Kloß),Ragi mudde (palla di miglio africano),ラギムッデ（シコクビエの団子）,bola de ragi;bola de mijo africano,boule de ragi;boule de millet,ragi kloß;fingerhirsekloß;fingerhirse kloß,palla di ragi;polpetta di ragi,ラギムッデ;ムッデ;ラギボール;シコクビエ団子
ragi_roti_piece,Roti de ragi (pan plano de mijo africano),Roti de ragi (galette de millet éleusine),Ragi-Roti (Fladenbrot aus Fingerhirse),Roti di ragi (pane piatto di miglio africano),ラギロティ（シコクビエの平焼きパン）,roti de ragi;roti de mijo africano,galette de ragi;roti de ragi,fingerhirse roti;fingerhirsefladen;ragi fladenbrot,roti di ragi;pane di ragi,ラギロティ;シコクビエロティ
akki_roti_piece,Akki roti (pan plano de harina de arroz),Akki roti (galette de farine de riz),Akki Roti (Fladenbrot aus Reismehl),Akki roti (pane piatto di farina di riso),アッキロティ（米粉の平焼きパン）,roti de arroz;roti de harina de arroz,galette de farine de riz;roti de riz,reismehl roti;reismehlfladen;reis roti,roti di riso;roti di farina di riso,アッキロティ;米粉ロティ
idli_piece,Idli (pastelito de arroz al vapor),Idli (galette de riz cuite à la vapeur),Idli (gedämpfter Reiskuchen),Idli (tortino di riso al vapore),イドリ（米粉生地の蒸しパン）,idlis;pastelito de arroz al vapor,idlis;gâteau de riz vapeur,idlis;gedämpfter reiskuchen,tortino di riso al vapore,イドリ;イドゥリ;イドリー;イッドゥリ
dosa_piece,Dosa simple (crepe fermentada de arroz y lentejas),Dosa nature (crêpe fermentée de riz et lentilles),Dosa natur (fermentierter Reis-Linsen-Pfannkuchen),Dosa semplice (crêpe fermentata di riso e lenticchie),プレーンドーサ（米と豆の発酵クレープ）,dosa simple;dosas,dosa nature;dosas,dosa natur;dosas;einfache dosa,dosa semplice,ドーサ;ドーサイ;プレーンドーサ
masala_dosa_piece,Masala dosa (dosa rellena de patata especiada),Masala dosa (dosa farcie aux pommes de terre épicées),Masala Dosa (Dosa mit würziger Kartoffelfüllung),Masala dosa (dosa ripiena di patate speziate),マサラドーサ（スパイスポテト入りドーサ）,dosa de patata;dosa rellena;dosa masala,dosa aux pommes de terre;dosa farcie;dosa masala,dosa mit kartoffeln;kartoffel dosa;dosa masala,dosa ripiena;dosa con patate;dosa masala,マサラドーサ;マサラドーサイ
set_dosa_piece,"Set dosa (1 unidad, dosa gruesa y esponjosa)","Set dosa (1 pièce, dosa épaisse et moelleuse)","Set Dosa (1 Stück, dicke weiche Dosa)","Set dosa (1 pezzo, dosa spessa e soffice)",セットドーサ（1枚・ふんわり厚焼きドーサ）,dosa esponjosa,dosa moelleuse;dosa éponge,dicke dosa;weiche dosa,dosa soffice;dosa spugnosa,セットドーサ;スポンジドーサ
rava_dosa_piece,Rava dosa (dosa de sémola),Rava dosa (dosa à la semoule),Rava Dosa (Grieß-Dosa),Rava dosa (dosa di semola),ラヴァドーサ（セモリナ粉のドーサ）,dosa de sémola;dosa de semola,dosa à la semoule;dosa de semoule,grieß dosa;grießdosa;griess dosa,dosa di semola;dosa di semolino,ラヴァドーサ;ラバドーサ;ラワドーサ
neer_dosa_piece,Neer dosa (dosa fina de arroz),Neer dosa (dosa fine au riz),Neer Dosa (dünne Reis-Dosa),Neer dosa (dosa sottile di riso),ニールドーサ（薄い米粉のドーサ）,dosa de agua;dosa fina de arroz,dosa fine;dosa fine au riz,wasser dosa;dünne reis dosa,dosa sottile;dosa sottile di riso,ニールドーサ;ネールドーサ
uttapam_piece,Uttapam (tortita gruesa de arroz con verduras),Uttapam (crêpe épaisse de riz garnie de légumes),Uttapam (dicker Reispfannkuchen mit Gemüse),Uttapam (frittella spessa di riso con verdure),ウタパム（野菜のせ厚焼き米パンケーキ）,uttapams;tortita de arroz con verduras,uttapams;crêpe épaisse de riz,uttapams;reispfannkuchen mit gemüse,frittella di riso con verdure,ウタパム;ウッタパム;ウタッパム
upma_katori,Upma (sémola salteada con especias),Upma (semoule épicée sautée),Upma (gewürzter Grieß),Upma (semola speziata saltata),ウプマ（セモリナ粉のスパイス炒め煮）,upma de sémola;sémola salada;semola salada,upma de semoule;semoule salée épicée,grieß upma;herzhafter grieß;würziger grieß,upma di semola;semolino salato,ウプマ;ウップマ
poha_plate,Poha (arroz aplanado salteado con verduras),Poha (riz aplati sauté aux légumes),Poha (gebratener Flachreis mit Gemüse),Poha (riso schiacciato saltato con verdure),ポハ（平たい米の野菜炒め）,poha de verduras;arroz aplanado salteado,poha aux légumes;riz aplati sauté,gemüse poha;gebratener flachreis,poha di verdure;riso schiacciato saltato,ポハ;ポーハ;野菜ポハ
rava_idli_piece,Rava idli (idli de sémola),Rava idli (idli à la semoule),Rava Idli (Grieß-Idli),Rava idli (idli di semola),ラヴァイドリ（セモリナ粉のイドリ）,idli de sémola;idli de semola,idli à la semoule;idli de semoule,grieß idli;grießidli;griess idli,idli di semola;idli di semolino,ラヴァイドリ;ラバイドリ;ラワイドリ
bisi_bele_bath_plate,Bisi bele bath (arroz picante con lentejas y verduras),Bisi bele bath (riz épicé aux lentilles et légumes),Bisi Bele Bath (würziger Reis mit Linsen und Gemüse),Bisi bele bath (riso piccante con lenticchie e verdure),ビシベレバート（豆と野菜のスパイスご飯）,arroz con sambar;arroz sambar,riz au sambar;riz sambar,sambar reis;reis mit sambar,riso al sambar;riso con sambar,ビシベレバート;ビシベレバス;サンバールライス
puliyogare_plate,Puliyogare (arroz al tamarindo),Puliyogare (riz au tamarin),Puliyogare (Tamarindenreis),Puliyogare (riso al tamarindo),プリヨガレ（タマリンドご飯）,arroz al tamarindo;arroz con tamarindo,riz au tamarin,tamarindenreis;tamarinden reis,riso al tamarindo,プリヨガレ;プリオガレ;タマリンドライス;タマリンドご飯
lemon_rice_plate,Arroz al limón (chitranna),Riz au citron (chitranna),Zitronenreis (Chitranna),Riso al limone (chitranna),レモンライス（チトラーンナ）,arroz al limón;arroz al limon;arroz con limón,riz au citron,zitronenreis;zitronen reis,riso al limone,レモンライス;レモンご飯;チトラーンナ
vangi_bath_plate,Vangi bath (arroz con berenjena),Vangi bath (riz aux aubergines),Vangi Bath (Auberginenreis),Vangi bath (riso alle melanzane),ヴァーンギバート（なすの混ぜご飯）,arroz con berenjena;arroz con berenjenas,riz aux aubergines,auberginenreis;reis mit auberginen,riso alle melanzane;riso con melanzane,ヴァーンギバート;ワンギバート;なすご飯;ナスご飯
curd_rice_plate,Arroz con yogur (curd rice),Riz au yaourt (curd rice),Joghurtreis (Curd Rice),Riso allo yogurt (curd rice),カードライス（ヨーグルトご飯）,arroz con yogur;arroz con yogurt,riz au yaourt,joghurtreis;joghurt reis;reis mit joghurt,riso allo yogurt;riso con yogurt,カードライス;ヨーグルトご飯;ヨーグルトライス
bread_white_slice,Pan blanco de molde (1 rebanada),Pain de mie blanc (1 tranche),Weißbrot (1 Scheibe),Pane bianco in cassetta (1 fetta),食パン（白・1枚）,pan;pan blanco;pan de molde;rebanada de pan;pan tostado,pain;pain blanc;pain de mie;tranche de pain;pain grillé,brot;weißbrot;weissbrot;toastbrot;toast;scheibe brot;brotscheibe,pane;pane bianco;pancarrè;pan carrè;fetta di pane;pane tostato,パン;食パン;トースト;白パン
bread_brown_slice,Pan integral de molde (1 rebanada),Pain complet (1 tranche),Vollkornbrot (1 Scheibe),Pane integrale (1 fetta),全粒粉パン（1枚）,pan integral;pan de molde integral,pain complet;pain de mie complet,vollkornbrot;vollkorntoast,pane integrale;pancarrè integrale,全粒粉パン;ブラウンブレッド;全粒粉食パン
chira_dry_katori,"Arroz aplanado (chira / poha), seco","Riz aplati (chira / poha), sec","Flachreis (Chira / Poha), trocken","Riso schiacciato (chira / poha), secco",チウラ（乾燥した平たい米・ポハ）,arroz aplanado;copos de arroz;arroz aplanado seco,riz aplati;flocons de riz;riz aplati sec,flachreis;reisflocken;trockener flachreis,riso schiacciato;fiocchi di riso,乾燥ポハ;平たい米;チウラ
muri_cup,Arroz inflado (muri),Riz soufflé (muri),Puffreis (Muri),Riso soffiato (muri),ムーリ（膨化米・パフライス）,arroz inflado;arroz hinchado,riz soufflé;riz souffle,puffreis;gepuffter reis,riso soffiato,パフライス;膨化米;ムーリ
jhal_muri_bowl,Jhal muri (arroz inflado especiado),Jhal muri (riz soufflé épicé),Jhal Muri (würziger Puffreis-Snack),Jhal muri (riso soffiato speziato),ジャルムリ（スパイス和えパフライス）,arroz inflado picante;arroz inflado especiado,riz soufflé épicé,würziger puffreis;scharfer puffreis,riso soffiato speziato;riso soffiato piccante,ジャルムリ;ジャールムリ;スパイスパフライス
chire_doi_bowl,"Chire doi (arroz aplanado con yogur, plátano y jaggery)","Chire doi (riz aplati au yaourt, banane et jaggery)","Chire Doi (Flachreis mit Joghurt, Banane und Jaggery)","Chire doi (riso schiacciato con yogurt, banana e jaggery)",チレドイ（平たい米のヨーグルト・バナナ・ジャガリー和え）,arroz aplanado con yogur;poha con yogur,riz aplati au yaourt;poha au yaourt,flachreis mit joghurt;poha mit joghurt,riso schiacciato con yogurt;poha con yogurt,チレドイ;チラドイ;ダヒチュラ
dal_moong_katori,Dal moong (lentejas mungo amarillas),Dal moong (lentilles mungo jaunes),Moong Dal (gelbe Mungbohnen),Dal moong (fagioli mung gialli decorticati),ムングダール（緑豆の豆カレー）,dal moong;dal de mungo;lentejas mungo;judías mungo,dal de mungo;lentilles mungo;haricots mungo,mungbohnen dal;mungdal;mungbohnen,dal moong;dal di fagioli mung;fagioli mung,ムングダール;ムングダル;緑豆ダール;緑豆カレー
dal_masoor_katori,Dal masoor (lentejas rojas),Dal masoor (lentilles corail),Masoor Dal (rote Linsen),Dal masoor (lenticchie rosse),マスールダール（赤レンズ豆のカレー）,lentejas rojas;dal de lentejas rojas;dal masoor,lentilles corail;lentilles rouges;dal de lentilles corail,rote linsen;rote linsen dal,lenticchie rosse;dal di lenticchie rosse,マスールダール;マスルダール;赤レンズ豆;赤レンズ豆カレー
dal_toor_katori,Dal toor / arhar (dal tadka de guandú),Dal toor / arhar (dal tadka de pois d'Angole),Toor / Arhar Dal (Dal Tadka aus Straucherbsen),Dal toor / arhar (dal tadka di pisello d'Angola),トゥールダール（キマメのダールタルカ）,lentejas;lentejas cocidas;guiso de lentejas;dal de lentejas;dal de toor,lentilles;lentilles cuites;dal de lentilles,linsen;linsengericht;linsencurry,lenticchie;dal di lenticchie,ダール;レンズ豆;豆カレー;トゥールダール
dal_chana_katori,Dal chana (dal de garbanzo partido),Dal chana (dal de pois chiches cassés),Chana Dal (gespaltene Kichererbsen),Dal chana (dal di ceci spezzati),チャナダール（ひよこ豆の割り豆カレー）,dal chana;dal de garbanzo;garbanzos partidos,dal de pois chiches;pois chiches cassés,kichererbsen dal;gespaltene kichererbsen,dal chana;dal di ceci;ceci spezzati,チャナダール;チャナダル;ひよこ豆ダール
cholar_dal_katori,Cholar dal (dal bengalí de garbanzo partido con coco),Cholar dal (dal bengali de pois chiches cassés au coco),Cholar Dal (bengalisches Kichererbsen-Dal mit Kokos),Cholar dal (dal bengalese di ceci spezzati al cocco),チョラールダール（ココナッツ入りベンガル風チャナダール）,dal de garbanzo con coco;dal bengalí de garbanzo,dal de pois chiches au coco;dal bengali aux pois chiches,kichererbsen dal mit kokos;bengalisches chana dal,dal di ceci al cocco;dal bengalese di ceci,チョラールダール;チョラルダル
dal_makhani_katori,Dal makhani (lentejas negras con mantequilla y nata),Dal makhani (lentilles noires au beurre et à la crème),Dal Makhani (schwarze Linsen mit Butter und Sahne),Dal makhani (lenticchie nere con burro e panna),ダールマカニ（ウラド豆のバタークリーム煮込み）,lentejas negras;dal de lentejas negras,lentilles noires;dal aux lentilles noires,schwarze linsen;schwarzes dal,lenticchie nere;dal di lenticchie nere,ダールマカニ;ダルマカニ;ダールマッカニ;マカニダール
sambar_katori,Sambar (guiso de lentejas con verduras y tamarindo),Sambar (ragoût de lentilles aux légumes et tamarin),Sambar (Linsen-Gemüse-Eintopf mit Tamarinde),Sambar (stufato di lenticchie con verdure e tamarindo),サンバール（豆と野菜のタマリンドスープ）,guiso de lentejas con verduras,ragoût de lentilles aux légumes,linsen gemüse eintopf,stufato di lenticchie e verdure,サンバール;サーンバール
rasam_katori,Rasam / saaru (sopa ácida de tamarindo y tomate),Rasam / saaru (bouillon acidulé au tamarin et tomate),Rasam / Saaru (säuerliche Tamarinden-Tomaten-Suppe),Rasam / saaru (brodo acidulo di tamarindo e pomodoro),ラサム（タマリンドとトマトの酸味スープ）,sopa rasam;sopa de tamarindo,soupe rasam;bouillon de tamarin,rasam suppe;tamarindensuppe,zuppa rasam;brodo di tamarindo,ラサム;ラッサム;ラサムスープ
rajma_katori,Rajma (curry de alubias rojas),Rajma (curry de haricots rouges),Rajma (Kidneybohnen-Curry),Rajma (curry di fagioli rossi),ラジマ（レッドキドニービーンズのカレー）,curry de alubias rojas;alubias rojas;frijoles rojos;judías rojas,curry de haricots rouges;haricots rouges,kidneybohnen curry;kidneybohnen;rote bohnen,curry di fagioli rossi;fagioli rossi,ラジマ;ラージマ;キドニービーンズカレー;金時豆カレー
chole_katori,Chole (curry de garbanzos),Chole (curry de pois chiches),Chole (Kichererbsen-Curry),Chole (curry di ceci),チョーレ（ひよこ豆のカレー）,curry de garbanzos;garbanzos al curry,curry de pois chiches;pois chiches au curry,kichererbsen curry;kichererbsencurry,curry di ceci;ceci al curry,チョーレ;チョレー;チャナマサラ;ひよこ豆カレー
kala_chana_katori,Kala chana (curry de garbanzos negros),Kala chana (curry de pois chiches noirs),Kala Chana (Curry aus schwarzen Kichererbsen),Kala chana (curry di ceci neri),カラチャナ（黒ひよこ豆のカレー）,garbanzos negros;curry de garbanzos negros,pois chiches noirs;curry de pois chiches noirs,schwarze kichererbsen;schwarzes kichererbsen curry,ceci neri;curry di ceci neri,カラチャナ;黒ひよこ豆;黒ひよこ豆カレー
ghugni_katori,Ghugni (curry de guisantes secos amarillos),Ghugni (curry de pois secs jaunes),Ghugni (Curry aus getrockneten gelben Erbsen),Ghugni (curry di piselli secchi gialli),ググニ（乾燥黄えんどう豆のカレー）,curry de guisantes secos;guisantes amarillos,curry de pois secs;pois jaunes,gelbe erbsen;gelbe erbsen curry,curry di piselli secchi;piselli secchi gialli,ググニ;グーグニ;黄えんどう豆カレー
kadhi_katori,"Kadhi (curry de yogur y harina de garbanzo, sin pakodi)","Kadhi (curry au yaourt et farine de pois chiche, sans pakodi)","Kadhi (Joghurt-Kichererbsenmehl-Curry, ohne Pakodi)","Kadhi (curry di yogurt e farina di ceci, senza pakodi)",カディ（ヨーグルトとひよこ豆粉のカレー・パコラなし）,curry de yogur;kadhi sin pakora,curry au yaourt;kadhi sans pakora,joghurt curry;joghurtcurry;kadhi ohne pakora,curry di yogurt;curry allo yogurt;kadhi senza pakora,カディ;カディー;ヨーグルトカレー
palak_paneer_katori,Palak paneer (espinacas con queso paneer),Palak paneer (épinards au fromage paneer),Palak Paneer (Spinat mit Paneer-Käse),Palak paneer (spinaci con formaggio paneer),パラクパニール（ほうれん草とパニールチーズのカレー）,espinacas con paneer;paneer con espinacas;espinacas con queso,épinards au paneer;epinards au paneer;paneer aux épinards,spinat mit paneer;paneer mit spinat;spinat mit käse,spinaci con paneer;paneer agli spinaci,パラクパニール;パラックパニール;ほうれん草パニール;ほうれん草カレー
paneer_butter_masala_katori,Paneer butter masala (paneer en salsa de tomate y mantequilla),Paneer butter masala (paneer en sauce tomate au beurre),Paneer Butter Masala (Paneer in Butter-Tomaten-Soße),Paneer butter masala (paneer in salsa di pomodoro e burro),パニールバターマサラ（パニールのバタートマトカレー）,paneer con mantequilla;paneer a la mantequilla,paneer au beurre,paneer in buttersoße;paneer buttermasala,paneer al burro,パニールバターマサラ;パニールマッカニ;バターパニール
matar_paneer_katori,Matar paneer (guisantes con queso paneer),Matar paneer (petits pois au paneer),Matar Paneer (Erbsen mit Paneer),Matar paneer (piselli con paneer),マタールパニール（グリーンピースとパニールのカレー）,guisantes con paneer;paneer con guisantes,petits pois au paneer;paneer aux petits pois,erbsen mit paneer;erbsen paneer;paneer mit erbsen,piselli con paneer;piselli e paneer;paneer con piselli,マタールパニール;マターパニール;マッターパニール
kadai_paneer_katori,Kadai paneer (paneer salteado con pimientos y especias),Kadai paneer (paneer sauté aux poivrons et épices),Kadai Paneer (Paneer mit Paprika und Gewürzen),Kadai paneer (paneer saltato con peperoni e spezie),カダイパニール（パニールとピーマンのスパイス炒め煮）,paneer con pimientos;paneer al kadai,paneer aux poivrons,paneer mit paprika,paneer con peperoni;paneer ai peperoni,カダイパニール;カライパニール
aloo_sabzi_katori,Aloo sabzi (curry de patata),Aloo sabzi (curry de pommes de terre),Aloo Sabzi (Kartoffelcurry),Aloo sabzi (curry di patate),アルーサブジ（じゃがいものカレー炒め）,curry de patata;curry de patatas;patatas al curry;curry de papa,curry de pommes de terre;pommes de terre au curry,kartoffelcurry;kartoffel curry;curry kartoffeln,curry di patate;patate al curry,アルーサブジ;アルサブジ;じゃがいもカレー;ポテトカレー
aloo_gobi_katori,Aloo gobi (patata y coliflor especiadas),Aloo gobi (pommes de terre et chou-fleur épicés),Aloo Gobi (Kartoffeln mit Blumenkohl),Aloo gobi (patate e cavolfiore speziati),アルーゴビ（じゃがいもとカリフラワーの炒め煮）,patata y coliflor;coliflor con patata;coliflor al curry;curry de coliflor,pommes de terre et chou fleur;chou fleur au curry;curry de chou fleur,kartoffeln mit blumenkohl;blumenkohl curry;blumenkohlcurry,patate e cavolfiore;cavolfiore al curry;curry di cavolfiore,アルーゴビ;アルゴビ;カリフラワーカレー
aloo_matar_katori,Aloo matar (curry de patata y guisantes),Aloo matar (curry de pommes de terre et petits pois),Aloo Matar (Kartoffel-Erbsen-Curry),Aloo matar (curry di patate e piselli),アルーマタール（じゃがいもとグリーンピースのカレー）,patata con guisantes;curry de patata y guisantes,pommes de terre aux petits pois;curry de pommes de terre et petits pois,kartoffeln mit erbsen;kartoffel erbsen curry,patate e piselli;curry di patate e piselli,アルーマタール;アルマタール;じゃがいもとグリーンピース
bhindi_katori,Bhindi (quimbombó salteado),Bhindi (gombos sautés),Bhindi (gebratene Okra),Bhindi (gombo saltato),ビンディ（オクラの炒め物）,quimbombó;quimbombo;okra salteada,gombo;gombos;gombos sautés,okraschoten;gebratene okra,gombo saltato;okra saltata,ビンディ;オクラ;オクラ炒め;ビンディマサラ
baingan_bharta_katori,Baingan bharta (puré de berenjena asada),Baingan bharta (purée d'aubergine grillée),Baingan Bharta (Püree aus gerösteter Aubergine),Baingan bharta (purè di melanzane arrostite),バイガンバルタ（焼きなすのペースト）,puré de berenjena;pure de berenjena;berenjena asada,purée d'aubergine;aubergine grillée,auberginenpüree;auberginen püree,purè di melanzane;melanzane arrostite,バイガンバルタ;ベイガンバルタ;焼きなすペースト
mixed_veg_katori,Verduras mixtas (sabzi),Légumes mélangés (sabzi),Gemischtes Gemüse (Sabzi),Verdure miste (sabzi),ミックスベジタブルサブジ（野菜の炒め煮）,verduras;verdura;verduras mixtas;verduras salteadas,légumes;légumes mélangés;légumes sautés,gemüse;gemischtes gemüse;mischgemüse;gemüsecurry,verdure;verdure miste;verdure saltate,野菜;サブジ;ミックス野菜;野菜炒め;野菜カレー
cabbage_poriyal_katori,Poriyal de col (col salteada con coco),Poriyal de chou (chou sauté à la noix de coco),Kohl-Poriyal (gebratener Weißkohl mit Kokos),Poriyal di cavolo (cavolo saltato con cocco),キャベツのポリヤル（キャベツのココナッツ炒め）,repollo;col salteada;repollo salteado,chou sauté;chou blanc sauté,weißkohl;weisskohl;gebratener kohl,cavolo saltato;verza saltata,キャベツ;キャベツ炒め;キャベツポリヤル
beans_poriyal_katori,Poriyal de judías verdes (salteadas con coco),Poriyal de haricots verts (sautés à la noix de coco),Bohnen-Poriyal (grüne Bohnen mit Kokos),Poriyal di fagiolini (saltati con cocco),いんげんのポリヤル（いんげん豆のココナッツ炒め）,judías verdes;judias verdes;judías verdes salteadas,haricots verts;haricots verts sautés,grüne bohnen;gebratene grüne bohnen;brechbohnen,fagiolini;fagiolini saltati,インゲン;さやいんげん;いんげん炒め;いんげんポリヤル
avial_katori,Avial (verduras mixtas con coco y yogur),Avial (légumes variés à la noix de coco et au yaourt),Avial (Mischgemüse in Kokos-Joghurt-Soße),Avial (verdure miste al cocco e yogurt),アヴィヤル（野菜のココナッツヨーグルト和え）,verduras con coco;verduras al coco,légumes à la noix de coco;légumes au coco,gemüse mit kokos;kokosgemüse,verdure al cocco,アヴィヤル;アビヤル;アヴィアル
sarson_saag_katori,Sarson ka saag (guiso de hojas de mostaza),Sarson ka saag (purée de feuilles de moutarde),Sarson ka Saag (Senfblätter-Gericht),Sarson ka saag (crema di foglie di senape),サルソンカサーグ（からし菜の煮込み）,hojas de mostaza;guiso de hojas de mostaza,feuilles de moutarde,senfblätter;senfkohl;senfgrün,foglie di senape,サルソンカサーグ;サルソンサーグ;サーグ;からし菜カレー
lauki_sabzi_katori,Lauki sabzi (calabaza vinatera guisada),Lauki sabzi (courge calebasse),Lauki Sabzi (Flaschenkürbis-Gemüse),Lauki sabzi (zucca a fiasco),ラウキサブジ（ユウガオの炒め煮）,calabaza vinatera;calabaza de peregrino,courge calebasse;calebasse,flaschenkürbis;flaschenkürbis curry,zucca a fiasco;zucca lunga,ラウキ;ラウキサブジ;ユウガオ;夕顔
shukto_katori,Shukto (verduras bengalíes con melón amargo),Shukto (légumes bengalis à la margose),Shukto (bengalisches Mischgemüse mit Bittergurke),Shukto (verdure miste bengalesi con melone amaro),シュクト（ゴーヤ入りベンガル風野菜煮）,melón amargo;verduras con melón amargo,margose;légumes à la margose;melon amer,bittergurke;bittermelone,melone amaro;verdure con melone amaro,シュクト;シュクトー;ゴーヤ煮
aloo_posto_katori,Aloo posto (patata en pasta de semillas de amapola),Aloo posto (pommes de terre à la pâte de graines de pavot),Aloo Posto (Kartoffeln in Mohnpaste),Aloo posto (patate in pasta di semi di papavero),アルーポスト（じゃがいものケシの実ペースト煮）,patata con amapola;patatas con semillas de amapola,pommes de terre au pavot,kartoffeln mit mohn;mohnkartoffeln,patate al papavero;patate ai semi di papavero,アルーポスト;アルポスト;ケシの実じゃがいも
begun_bhaja_piece,Begun bhaja (rodaja de berenjena frita),Begun bhaja (tranche d'aubergine frite),Begun Bhaja (gebratene Auberginenscheibe),Begun bhaja (fetta di melanzana fritta),ベグンバジャ（なすの輪切り揚げ焼き）,berenjena frita;rodaja de berenjena frita,aubergine frite;aubergines frites,gebratene aubergine;auberginenscheibe,melanzana fritta;melanzane fritte,ベグンバジャ;揚げなす
beguni_piece,Beguni (berenjena rebozada y frita),Beguni (beignet d'aubergine),Beguni (Aubergine im Teigmantel frittiert),Beguni (frittella di melanzana in pastella),ベグニ（なすの天ぷら風フリッター）,berenjena rebozada;buñuelo de berenjena,beignet d'aubergine;beignets d'aubergine,aubergine im teigmantel;auberginen im teig,melanzane in pastella;frittella di melanzana,ベグニ;なすの天ぷら;ナス天ぷら
chicken_curry_katori,Curry de pollo,Curry de poulet,Hähnchen-Curry,Curry di pollo,チキンカレー（鶏肉のカレー）,curry de pollo;pollo al curry,curry de poulet;poulet au curry,hähnchencurry;hähnchen curry;hühnercurry;huhn curry,curry di pollo;pollo al curry,チキンカレー;鶏肉カレー;鶏カレー
butter_chicken_katori,Butter chicken (pollo a la mantequilla),Butter chicken (poulet au beurre),Butter Chicken (Butterhähnchen),Butter chicken (pollo al burro),バターチキン（鶏肉のバタートマトカレー）,pollo a la mantequilla;pollo con mantequilla,poulet au beurre,butterhähnchen;butterhuhn;hähnchen in buttersoße,pollo al burro,バターチキン;バターチキンカレー
tandoori_chicken_serving,"Pollo tandoori (asado en horno tandoor, ~2 piezas)","Poulet tandoori (rôti au four tandoor, ~2 morceaux)","Tandoori-Hähnchen (im Tandoor gegrillt, ~2 Stück)","Pollo tandoori (cotto nel tandoor, ~2 pezzi)",タンドリーチキン（タンドール窯焼きの鶏肉・約2切れ）,pollo tandoori;pollo asado tandoori,poulet tandoori,tandoori hähnchen;tandoorihähnchen;tandoori huhn,pollo tandoori,タンドリーチキン;タンドーリチキン;チキンティッカ
egg_curry_serving,Curry de huevo (1 huevo con salsa),Curry d'œuf (1 œuf en sauce),Eier-Curry (1 Ei mit Soße),Curry di uova (1 uovo con sugo),エッグカレー（卵1個とカレーソース）,curry de huevo;huevo al curry;huevos al curry,curry d'œuf;curry d'oeuf;curry aux œufs;curry aux oeufs;oeuf au curry,eiercurry;eier curry;ei curry,curry di uova;curry di uovo;uova al curry,エッグカレー;卵カレー;ゆで卵カレー
dimer_dalna_serving,Dimer dalna (curry de huevo y patata),Dimer dalna (curry d'œuf et pommes de terre),Dimer Dalna (Ei-Kartoffel-Curry),Dimer dalna (curry di uova e patate),ディマーダルナ（卵とじゃがいものカレー）,curry de huevo y patata;huevo con patata al curry,curry d'œuf et pommes de terre;curry oeuf pommes de terre,ei kartoffel curry;eier kartoffel curry,curry di uova e patate;uova e patate al curry,ディマーダルナ;ディメルダルナ;卵とじゃがいものカレー
boiled_egg_piece,Huevo duro,Œuf dur,Gekochtes Ei,Uovo sodo,ゆで卵,huevo;huevos;huevo duro;huevo cocido;huevo hervido,œuf;oeuf;œufs;oeufs;œuf dur;oeuf dur,ei;eier;gekochtes ei;hartgekochtes ei,uovo;uova;uovo sodo,卵;たまご;ゆで卵;ゆでたまご;玉子;ゆで玉子
omelette_piece,Tortilla francesa (1 huevo),Omelette (1 œuf),Omelett (1 Ei),Frittata (1 uovo),オムレツ（卵1個）,tortilla francesa;tortilla de huevo,omelette nature;omelette indienne,omelett;omlett,frittata,オムレツ;マサラオムレツ
mutton_curry_katori,Curry de carnero (cabra o cordero),Curry de mouton (chèvre ou agneau),Hammelcurry (Ziege oder Lamm),Curry di montone (capra o agnello),マトンカレー（ヤギ・羊肉のカレー）,curry de carnero;curry de cordero;curry de cabra;cordero al curry,curry de mouton;curry d'agneau;curry de chèvre;mouton au curry,hammelcurry;hammel curry;lammcurry;lamm curry;ziegencurry,curry di montone;curry di agnello;curry di capra,マトンカレー;羊肉カレー;ラムカレー;ヤギ肉カレー
kosha_mangsho_katori,Kosha mangsho (carnero bengalí guisado en seco),Kosha mangsho (mouton bengali mijoté à sec),Kosha Mangsho (bengalisches trockenes Hammelcurry),Kosha mangsho (montone bengalese stufato asciutto),コシャマンショ（ベンガル風汁なしマトンカレー）,carnero bengalí;cordero bengalí;curry seco de cordero,mouton bengali;curry de mouton sec,trockenes hammelcurry;bengalisches hammelcurry,montone bengalese;curry di montone asciutto,コシャマンショ;コシャマングショ;コシャマトン
macher_jhol_katori,Macher jhol (curry bengalí de pescado),Macher jhol (curry de poisson bengali),Macher Jhol (bengalisches Fischcurry),Macher jhol (curry di pesce bengalese),マチェルジョル（ベンガル風魚カレー）,curry bengalí de pescado;curry de pescado bengalí,curry de poisson bengali,bengalisches fischcurry,curry di pesce bengalese,マチェルジョル;マーチェルジョル;ベンガル魚カレー
fish_curry_katori,Curry de pescado,Curry de poisson,Fischcurry,Curry di pesce,フィッシュカレー（魚のカレー）,curry de pescado;pescado al curry,curry de poisson;poisson au curry,fischcurry;fisch curry,curry di pesce;pesce al curry,フィッシュカレー;魚カレー;魚のカレー
chingri_malaikari_katori,Chingri malaikari (curry de gambas con coco),Chingri malaikari (curry de crevettes au lait de coco),Chingri Malaikari (Garnelen-Kokos-Curry),Chingri malaikari (curry di gamberi al cocco),チングリマライカリ（エビのココナッツカレー）,gambas;curry de gambas;gambas al curry;curry de langostinos;gambas con coco,crevettes;curry de crevettes;crevettes au curry;crevettes au coco,garnelen;garnelencurry;garnelen curry;krabbencurry,gamberi;curry di gamberi;gamberi al curry;gamberi al cocco,チングリマライカリ;エビカレー;海老カレー;えびカレー;エビ;海老
fish_fry_piece,Pescado frito (mach bhaja),Poisson frit (mach bhaja),Gebratener Fisch (Mach Bhaja),Pesce fritto (mach bhaja),フィッシュフライ（魚の揚げ焼き）,pescado frito,poisson frit;poisson poêlé,gebratener fisch;frittierter fisch;bratfisch,pesce fritto;pesce in padella,フィッシュフライ;魚フライ;揚げ魚
samosa_piece,Samosa (empanadilla frita de patata),Samosa (chausson frit aux pommes de terre),Samosa (frittierte Teigtasche mit Kartoffeln),Samosa (fagottino fritto di patate),サモサ（じゃがいもの揚げパイ）,samosas;empanadilla india,samoussa;samoussas;samosas,samosas,samosa di patate,サモサ;サモーサ
kachori_piece,Kachori (empanada frita rellena de dal moong),Kachori (beignet farci au dal moong),Kachori (frittiertes Gebäck mit Moong-Dal-Füllung),Kachori (sfoglia fritta ripiena di dal moong),カチョリ（ムング豆入り揚げパン）,kachoris;kachori de dal,kachoris,kachoris,kachori di dal,カチョリ;カチョーリ;カチョリー
pakora_plate,"Pakora / pakoda (de cebolla), 4 unidades","Pakora / pakoda (à l'oignon), 4 pièces","Pakora / Pakoda (Zwiebel), 4 Stück","Pakora / pakoda (di cipolla), 4 pezzi",パコラ（玉ねぎのフリッター・4個）,pakoras;pakora de cebolla;buñuelos de cebolla,pakoras;beignets d'oignon;beignets aux oignons,pakoras;zwiebel pakora;zwiebelpakora,pakora di cipolla;frittelle di cipolla,パコラ;パコダ;パコーラ;オニオンパコラ;玉ねぎフリッター
medu_vada_piece,Medu vada (rosquilla salada de lentejas urad),Medu vada (beignet salé de lentilles urad),Medu Vada (herzhafter Linsen-Donut),Medu vada (ciambella salata di lenticchie urad),メドゥワダ（ウラド豆のドーナツ形揚げ物）,rosquilla de lentejas;donut salado de lentejas,beignet de lentilles urad,linsen donut;linsendonut,ciambella di lenticchie,メドゥワダ;メドゥヴァダ;ヴァダ
masala_vada_piece,Masala vada (buñuelo de dal chana),Masala vada (galette frite de dal chana),Masala Vada (frittierter Chana-Dal-Taler),Masala vada (frittella di dal chana),マサラワダ（チャナダールの揚げ物）,buñuelo de dal chana;vada de garbanzo,beignet de dal chana;beignet de pois chiches,chana dal taler;kichererbsen vada,frittella di dal chana;vada di ceci,マサラワダ;マサラヴァダ
bonda_piece,Aloo bonda / batata vada (bola de patata rebozada y frita),Aloo bonda / batata vada (boulette de pomme de terre en beignet),Aloo Bonda / Batata Vada (frittiertes Kartoffelbällchen im Teig),Aloo bonda / batata vada (polpetta di patate in pastella fritta),アルーボンダ（じゃがいもの衣揚げ）,bola de patata frita;bola de patata rebozada,beignet de pomme de terre;boulette de pomme de terre,kartoffelbällchen;frittierte kartoffelbällchen,polpetta di patate fritta;frittella di patate,アルーボンダ;ボンダ;バタタワダ
dhokla_piece,Dhokla (bizcocho salado de harina de garbanzo al vapor),Dhokla (gâteau salé vapeur à la farine de pois chiche),Dhokla (gedämpfter Kichererbsenmehl-Kuchen),Dhokla (tortino salato di farina di ceci al vapore),ドクラ（ひよこ豆粉の蒸しケーキ）,dhoklas;bizcocho de garbanzo,gâteau de pois chiche vapeur,dhoklas;kichererbsenkuchen,tortino di ceci,ドクラ;ドークラ
pav_bhaji_plate,Pav bhaji (puré de verduras especiado con 2 panecillos),Pav bhaji (purée de légumes épicée et 2 petits pains),Pav Bhaji (würziges Gemüsepüree mit 2 Brötchen),Pav bhaji (purè di verdure speziato con 2 panini),パオバジ（スパイス野菜カレーとパン2個）,puré de verduras con pan,purée de légumes et petits pains,gemüsepüree mit brötchen,purè di verdure con panini,パオバジ;パーヴバージ;パブバジ
sprouts_salad_katori,Ensalada de brotes de moong,Salade de pousses de mungo,Mungsprossen-Salat,Insalata di germogli di fagioli mung,スプラウトサラダ（緑豆もやしのサラダ）,brotes;ensalada de brotes;brotes de moong;brotes de mungo;brotes de soja;germinados,pousses;salade de pousses;pousses de soja;graines germées,sprossen;sprossensalat;mungsprossen;keimlinge,germogli;insalata di germogli;germogli di soia,もやし;もやしサラダ;スプラウト;スプラウトサラダ;緑豆もやし
roasted_chana_katori,Garbanzos tostados (chana),Pois chiches grillés (chana),Geröstete Kichererbsen (Chana),Ceci tostati (chana),ローストチャナ（炒りひよこ豆）,garbanzos tostados;garbanzo tostado,pois chiches grillés;pois chiches torréfiés,geröstete kichererbsen,ceci tostati;ceci abbrustoliti,ローストチャナ;チャナ;炒りひよこ豆;煎りひよこ豆
peanuts_handful,Cacahuetes (un puñado),Cacahuètes (une poignée),Erdnüsse (eine Handvoll),Arachidi (una manciata),ピーナッツ（ひとつかみ）,cacahuetes;cacahuete;maní;mani;cacahuates,cacahuètes;cacahuète;cacahuetes;arachides,erdnüsse;erdnuss;erdnuesse,arachidi;arachide;noccioline;nocciolina,ピーナッツ;ピーナツ;落花生;南京豆
chikki_piece,Chikki de cacahuete (crocante de cacahuete con jaggery),Chikki aux cacahuètes (nougatine à la jaggery),Erdnuss-Chikki (Erdnusskrokant mit Jaggery),Chikki di arachidi (croccante di arachidi con jaggery),ピーナッツチッキ（ピーナッツのジャガリー固め菓子）,crocante de cacahuete;turrón de cacahuete,nougatine aux cacahuètes;nougat de cacahuètes,erdnusskrokant;erdnuss krokant,croccante di arachidi,チッキ;ピーナッツチッキ
papad_roasted_piece,Papad (tostado),Papad (grillé),Papad (geröstet),Papad (tostato),パパド（あぶり焼き豆せんべい）,papad tostado;papadum tostado,papad grillé;papadum grillé,gerösteter papad;papad geröstet,papad tostato,パパド;パパダム;焼きパパド
papad_fried_piece,Papad (frito),Papad (frit),Papad (frittiert),Papad (fritto),パパド（揚げ豆せんべい）,papad frito;papadum frito,papad frit;papadum frit,frittierter papad;papad frittiert,papad fritto,揚げパパド;パパド揚げ
mishti_doi_cup,Mishti doi (yogur dulce bengalí),Mishti doi (yaourt sucré bengali),Mishti Doi (süßer bengalischer Joghurt),Mishti doi (yogurt dolce bengalese),ミシュティドイ（ベンガルの甘いヨーグルト）,yogur dulce;yogur azucarado,yaourt sucré,süßer joghurt;süsser joghurt,yogurt dolce;yogurt zuccherato,ミシュティドイ;ミスティドイ;甘いヨーグルト;加糖ヨーグルト
rasgulla_piece,Rasgulla (bolita de queso fresco en almíbar),Rasgulla (boule de fromage frais au sirop),Rasgulla (Frischkäsebällchen in Sirup),Rasgulla (pallina di formaggio fresco allo sciroppo),ラスグッラ（チーズ団子のシロップ漬け）,rasgullas;bolitas de queso en almíbar,rasgullas;boules de fromage au sirop,rasgullas;käsebällchen in sirup,palline di formaggio allo sciroppo,ラスグッラ;ラスグラ;ロショゴッラ;ロソゴッラ
sandesh_piece,Sandesh (dulce bengalí de queso fresco),Sandesh (douceur bengalie au fromage frais),Sandesh (bengalische Frischkäse-Süßigkeit),Sandesh (dolce bengalese di formaggio fresco),ションデシュ（ベンガルのチーズ菓子）,dulce bengalí de queso,douceur au fromage frais,frischkäsekonfekt;frischkäse süßigkeit,dolce bengalese di formaggio,ションデシュ;サンデシュ;ソンデシュ
gulab_jamun_piece,Gulab jamun (bolita frita de leche en almíbar),Gulab jamun (boulette frite au lait en sirop),Gulab Jamun (frittiertes Milchbällchen in Sirup),Gulab jamun (polpettina fritta di latte allo sciroppo),グラブジャムン（揚げミルク団子のシロップ漬け）,gulab jamuns;bolitas de leche en almíbar,gulab jamuns,gulab jamuns;milchbällchen in sirup,polpettine di latte allo sciroppo,グラブジャムン;グラブジャムーン;グラーブジャームン
jalebi_serving,"Jalebi (2 unidades, espiral frita en almíbar)","Jalebi (2 pièces, spirale frite au sirop)","Jalebi (2 Stück, frittierte Sirupspiralen)","Jalebi (2 pezzi, spirale fritta allo sciroppo)",ジャレビ（シロップ漬け揚げ菓子・2個）,jalebis;espiral frita en almíbar,jalebis,jalebis,spirale fritta allo sciroppo,ジャレビ;ジャレビー;ジレピ
kheer_bowl,Kheer / payesh (arroz con leche),Kheer / payesh (riz au lait),Kheer / Payesh (Milchreis),Kheer / payesh (budino di riso al latte),キール／パイエシュ（インド風ライスプディング）,arroz con leche,riz au lait,milchreis,riso al latte;budino di riso,ライスプディング;パヤサム;パイエシュ;ミルク粥
semiya_payasam_bowl,Semiya payasam (fideos finos con leche),Semiya payasam (vermicelles au lait),Semiya Payasam (Fadennudeln in Milch),Semiya payasam (vermicelli al latte),セミヤパヤサム（細麺のミルク煮デザート）,fideos con leche;kheer de fideos,vermicelles au lait;kheer de vermicelles,milchnudeln;fadennudeln in milch;nudel kheer,vermicelli al latte;kheer di vermicelli,セミヤパヤサム;セミヤ
mysore_pak_piece,Mysore pak (dulce de harina de garbanzo y ghee),Mysore pak (douceur à la farine de pois chiche et ghee),Mysore Pak (Süßigkeit aus Kichererbsenmehl und Ghee),Mysore pak (dolce di farina di ceci e ghee),マイソールパーク（ひよこ豆粉とギーの菓子）,dulce de mysore,douceur de mysore,mysore süßigkeit,dolce di mysore,マイソールパーク;マイソールパック;マイスールパーク
besan_laddoo_piece,Laddoo de besan (bolita dulce de harina de garbanzo),Laddoo au besan (boule sucrée à la farine de pois chiche),Besan-Laddoo (süße Kichererbsenmehl-Kugel),Laddoo di besan (dolcetto di farina di ceci),ラドゥ（ひよこ豆粉の丸い菓子）,laddoos;laddus;bolita dulce de garbanzo,laddoos;laddus,laddoos;laddus,dolcetto di farina di ceci,ラドゥ;ラッドゥ;ラドゥー;ラッドゥー
narkel_naru_piece,Narkel naru (bolita de coco),Narkel naru (boule de noix de coco),Narkel Naru (Kokosbällchen),Narkel naru (pallina di cocco),ナルケルナル（ココナッツの丸い菓子）,bolitas de coco;bolita de coco;laddoo de coco,boules de coco;boule de coco,kokosbällchen;kokos laddoo,palline di cocco;laddoo al cocco,ナルケルナル;ココナッツラドゥ
burfi_piece,"Burfi (dulce de khoa, leche concentrada)","Burfi (douceur au lait réduit, khoa)",Burfi (Milchkonfekt aus Khoa),"Burfi (dolce di latte ridotto, khoa)",バルフィ（煮詰めた牛乳の菓子）,burfi de leche;barfi de leche,burfi au lait,milchkonfekt,burfi al latte;dolce di latte,バルフィ;バルフィー;バーフィ;ミルクバルフィ
kaju_katli_piece,Kaju katli (dulce de anacardo),Kaju katli (douceur à la noix de cajou),Kaju Katli (Cashew-Konfekt),Kaju katli (dolce di anacardi),カジュカトリ（カシューナッツの菓子）,dulce de anacardo;dulce de anacardos,douceur à la noix de cajou;confiserie de cajou,cashew konfekt;cashewkonfekt,dolce di anacardi,カジュカトリ;カジューカトリ;カシューナッツ菓子
gajar_halwa_bowl,Gajar halwa (dulce de zanahoria),Gajar halwa (dessert à la carotte),Gajar Halwa (Karotten-Halwa),Gajar halwa (dolce di carote),ガジャルハルワ（にんじんの甘煮デザート）,halwa de zanahoria;dulce de zanahoria,halwa de carottes;halwa aux carottes,karotten halwa;karottenhalwa;möhren halwa,halwa di carote;dolce di carote,ガジャルハルワ;にんじんハルワ;キャロットハルワ
suji_halwa_bowl,Suji halwa / sheera (dulce de sémola con ghee),Suji halwa / sheera (douceur de semoule au ghee),Suji Halwa / Sheera (Grieß-Halwa mit Ghee),Suji halwa / sheera (dolce di semola con ghee),スージハルワ（セモリナ粉の甘いデザート）,halwa de sémola;halwa de semola;dulce de sémola,halwa de semoule,grieß halwa;grießhalwa;griess halwa,halwa di semola;dolce di semolino,スージハルワ;セモリナハルワ
kesari_bath_katori,Kesari bath (dulce de sémola con azafrán),Kesari bath (douceur de semoule au safran),Kesari Bath (Grießsüßspeise mit Safran),Kesari bath (dolce di semola allo zafferano),ケサリバート（サフラン風味のセモリナ菓子）,sémola con azafrán;dulce de sémola con azafrán,semoule au safran,safrangrieß;safran grieß,semola allo zafferano,ケサリバート;ケサリ;ラヴァケサリ
holige_piece,Holige / obbattu (pan plano dulce relleno de dal),Holige / obbattu (galette sucrée farcie au dal),Holige / Obbattu (süßes gefülltes Fladenbrot),Holige / obbattu (pane piatto dolce ripieno di dal),ホリゲ／オッバットゥ（豆あん入り甘い平焼きパン）,roti dulce,galette sucrée farcie;roti sucré,süßes roti;süßes fladenbrot,roti dolce,ホリゲ;オッバットゥ;プランポリ
masala_chai_sugar_cup,Masala chai con azúcar (té con leche especiado),Masala chai sucré (thé au lait épicé),Masala Chai mit Zucker (gewürzter Milchtee),Masala chai con zucchero (tè al latte speziato),マサラチャイ（砂糖入りスパイスミルクティー）,té;té con leche;té con azúcar;chai con azúcar,thé;thé au lait;thé sucré;chai sucré,tee;milchtee;tee mit zucker;chai mit zucker,tè;tè al latte;tè con zucchero;chai con zucchero,チャイ;ミルクティー;マサラチャイ;砂糖入りチャイ
chai_nosugar_cup,Chai sin azúcar (té con leche),Chai sans sucre (thé au lait),Chai ohne Zucker (Milchtee),Chai senza zucchero (tè al latte),チャイ（砂糖なしミルクティー）,té sin azúcar;chai sin azúcar;chai sin azucar;té con leche sin azúcar,thé sans sucre;chai sans sucre;thé au lait sans sucre,tee ohne zucker;chai ohne zucker;milchtee ohne zucker,tè senza zucchero;chai senza zucchero;tè al latte senza zucchero,砂糖なしチャイ;無糖チャイ;無糖ミルクティー
lal_cha_cup,Lal cha (té negro con 1 cucharadita de azúcar),Lal cha (thé noir avec 1 cuillère à café de sucre),Lal Cha (schwarzer Tee mit 1 TL Zucker),Lal cha (tè nero con 1 cucchiaino di zucchero),ラルチャ（砂糖小さじ1入りの紅茶）,té negro;té sin leche;té con limón,thé noir;thé au citron;thé citron,schwarzer tee;schwarztee;zitronentee,tè nero;tè al limone,紅茶;ストレートティー;レモンティー;ラルチャ
filter_coffee_cup,Café de filtro con azúcar (café con leche del sur de la India),Café filtre sucré (café au lait du sud de l'Inde),Filterkaffee mit Zucker (südindischer Milchkaffee),Caffè filtro con zucchero (caffellatte del sud dell'India),フィルターコーヒー（砂糖入り南インド式ミルクコーヒー）,café;café con leche;cafe con leche;café con azúcar;café de filtro,café;café au lait;cafe au lait;café filtre;café sucré,kaffee;milchkaffee;kaffee mit zucker;filterkaffee,caffè;caffe;caffellatte;caffè latte;caffè filtro;caffè con zucchero,コーヒー;ミルクコーヒー;フィルターコーヒー;カフェオレ;砂糖入りコーヒー
filter_coffee_nosugar_cup,Café de filtro sin azúcar (café con leche),Café filtre sans sucre (café au lait),Filterkaffee ohne Zucker (Milchkaffee),Caffè filtro senza zucchero (caffellatte),フィルターコーヒー（砂糖なしミルクコーヒー）,café sin azúcar;cafe sin azucar;café con leche sin azúcar,café sans sucre;café au lait sans sucre,kaffee ohne zucker;milchkaffee ohne zucker,caffè senza zucchero;caffe senza zucchero;caffellatte senza zucchero,無糖コーヒー;砂糖なしコーヒー;無糖ミルクコーヒー
lassi_sweet_glass,Lassi dulce (bebida de yogur),Lassi sucré (boisson au yaourt),Süßer Lassi (Joghurtgetränk),Lassi dolce (bevanda allo yogurt),スイートラッシー（甘いヨーグルトドリンク）,lassi dulce;batido de yogur dulce,lassi sucré,süßer lassi;süsser lassi;süßes joghurtgetränk,lassi dolce,ラッシー;スイートラッシー;甘いラッシー
chaas_glass,Suero de mantequilla / chaas (salado),Babeurre / chaas (salé),Buttermilch / Chaas (gesalzen),Latticello / chaas (salato),チャース（塩味のバターミルク）,suero de mantequilla;suero de leche;lassi salado,babeurre;lait ribot;lassi salé,buttermilch;salziger lassi;gesalzener lassi,latticello;lassi salato,チャース;バターミルク;塩ラッシー
nimbu_pani_sugar_glass,Nimbu pani / limonada con azúcar,Nimbu pani / citronnade sucrée,Nimbu Pani / Limonade mit Zucker,Nimbu pani / limonata con zucchero,ニンブーパーニー（砂糖入りレモン水）,limonada;agua con limón;agua de limón,citronnade;limonade;eau citronnée,limonade;zitronenwasser;zitronenlimonade,limonata;acqua e limone;acqua al limone,ニンブーパーニー;ニンブパニ;レモネード;レモン水
nimbu_pani_nosugar_glass,Nimbu pani sin azúcar (agua con limón),Nimbu pani sans sucre (eau citronnée),Nimbu Pani ohne Zucker (Zitronenwasser),Nimbu pani senza zucchero (acqua e limone),ニンブーパーニー（砂糖なしレモン水）,agua con limón sin azúcar;limonada sin azúcar,citronnade sans sucre;eau citronnée sans sucre,zitronenwasser ohne zucker;limonade ohne zucker,limonata senza zucchero;acqua e limone senza zucchero,無糖レモン水;砂糖なしレモン水
milk_glass,Leche entera (1 vaso),Lait entier (1 verre),Vollmilch (1 Glas),Latte intero (1 bicchiere),牛乳（全乳・コップ1杯）,leche;leche entera;vaso de leche,lait;lait entier;verre de lait,milch;vollmilch;glas milch,latte;latte intero;bicchiere di latte,牛乳;ミルク;ぎゅうにゅう
coconut_water_glass,Agua de coco tierno,Eau de coco (noix de coco verte),Kokoswasser (junge Kokosnuss),Acqua di cocco (cocco giovane),ココナッツウォーター（若いココナッツ）,agua de coco,eau de coco,kokoswasser,acqua di cocco,ココナッツウォーター;ココナツウォーター;ココナッツジュース
sugarcane_juice_glass,Zumo de caña de azúcar,Jus de canne à sucre,Zuckerrohrsaft,Succo di canna da zucchero,サトウキビジュース,zumo de caña;jugo de caña;jugo de caña de azúcar;guarapo,jus de canne;jus de canne à sucre,zuckerrohrsaft;zuckerrohr saft,succo di canna;succo di canna da zucchero,サトウキビジュース;さとうきびジュース
ragi_malt_glass,Ragi malt (bebida de mijo africano con leche y jaggery),Ragi malt (boisson d'éleusine au lait et jaggery),Ragi Malt (Fingerhirse-Getränk mit Milch und Jaggery),Ragi malt (bevanda di miglio africano con latte e jaggery),ラギモルト（シコクビエと牛乳・ジャガリーの飲み物）,bebida de ragi;papilla de ragi,boisson au ragi;bouillie de ragi,ragi getränk;ragi brei;fingerhirse getränk,bevanda di ragi;porridge di ragi,ラギモルト;ラギドリンク;ラギ粥
banana_piece,Plátano,Banane,Banane,Banana,バナナ,plátano;platano;plátanos;platanos;banana,banane;bananes,banane;bananen,banana;banane,バナナ;ばなな
mango_katori,Mango (maduro),Mangue (mûre),Mango (reif),Mango (maturo),マンゴー（完熟）,mango;mangos,mangue;mangues,mangos,manghi,マンゴー;マンゴ
apple_piece,Manzana,Pomme,Apfel,Mela,りんご,manzana;manzanas,pomme,apfel;äpfel;aepfel,mela;mele,りんご;リンゴ;林檎
guava_piece,Guayaba,Goyave,Guave,Guava,グアバ,guayaba;guayabas,goyave;goyaves,guave;guaven,guaiava,グアバ;グァバ
papaya_katori,Papaya (madura),Papaye (mûre),Papaya (reif),Papaya (matura),パパイヤ（完熟）,papayas,papaye;papayes,papayas,papaia,パパイヤ;パパイア
orange_piece,Naranja,Orange,Orange,Arancia,オレンジ,naranja;naranjas,oranges,orangen;apfelsine,arancia;arance,オレンジ
pineapple_katori,Piña,Ananas,Ananas,Ananas,パイナップル,piña;pina,ananas frais,ananasstücke,ananas fresco,パイナップル
watermelon_katori,Sandía,Pastèque,Wassermelone,Anguria,スイカ（西瓜）,sandía;sandia,pastèque;pasteque,wassermelone,anguria;cocomero,すいか;西瓜
grapes_katori,Uvas,Raisin frais,Weintrauben,Uva,ぶどう,uvas;uva,raisin frais;raisins frais;grains de raisin,weintrauben;weintraube;trauben,uva;chicchi di uva,ぶどう;ブドウ;葡萄
pomegranate_katori,Granada (granos),Grenade (grains),Granatapfel (Kerne),Melagrana (chicchi),ザクロ（実）,granada;granadas;granos de granada,grenade;grains de grenade,granatapfel;granatapfelkerne,melagrana;melograno;chicchi di melagrana,ザクロ;ざくろ;柘榴
sapota_piece,Chicozapote (chikoo),Sapotille (chikoo),"Sapodilla (Breiapfel, Chikoo)",Sapodilla (chikoo),サポジラ（チクー）,chicozapote;chico zapote,sapotille;sapotilles,breiapfel,sapotiglia,サポジラ;チクー;サポタ
custard_apple_piece,Chirimoya / anón (sitaphal),Pomme cannelle (sitaphal),Zimtapfel (Sitaphal),Annona (sitaphal),バンレイシ（シタパール）,chirimoya;chirimoyas,pomme cannelle;anone,zimtapfel;rahmapfel,annona,バンレイシ;シュガーアップル;釈迦頭;シャカトウ
curd_katori,Dahi (yogur natural),Dahi (yaourt nature),Dahi (Naturjoghurt),Dahi (yogurt bianco),ダヒ（プレーンヨーグルト）,yogur;yogur natural;yogures,yaourt;yaourt nature;yogourt,joghurt;jogurt;naturjoghurt,yogurt bianco;yogurt naturale,ヨーグルト;プレーンヨーグルト;ダヒ
raita_katori,Raita (yogur con pepino),Raïta (yaourt au concombre),Raita (Joghurt mit Gurke),Raita (yogurt al cetriolo),ライタ（きゅうりのヨーグルトサラダ）,yogur con pepino;salsa de yogur y pepino,raïta;yaourt au concombre,gurkenjoghurt;joghurt mit gurke,yogurt al cetriolo;yogurt e cetriolo,きゅうりヨーグルト;キュウリのライタ
pickle_tbsp,Encurtido de mango (achar en aceite),Pickle de mangue (achar à l'huile),Mango-Pickle (Achar in Öl),Achar di mango (conserva piccante sott'olio),マンゴーアチャール（油漬けピクルス）,encurtido;encurtidos;encurtido de mango,pickles;pickle de mangue,eingelegte mango;mangopickle,sottaceto;sottaceti;sottaceto di mango;achar di mango,アチャール;マンゴーアチャール;ピクルス;インドピクルス
salad_plate,Ensalada verde (kachumber),Salade verte (kachumber),Grüner Salat (Kachumber),Insalata verde (kachumber),グリーンサラダ（カチュンバル）,ensalada;ensalada verde;ensalada de pepino y tomate,salade;salade verte;crudités,salat;grüner salat;gurkensalat,insalata;insalata verde,サラダ;グリーンサラダ;野菜サラダ
kosambari_katori,Kosambari (ensalada de dal moong),Kosambari (salade de dal moong),Kosambari (Moong-Dal-Salat),Kosambari (insalata di dal moong),コサンバリ（ムング豆のサラダ）,ensalada de dal;ensalada de dal moong,salade de dal;salade de dal moong,dal salat;moong dal salat,insalata di dal;insalata di dal moong,コサンバリ;コスンバリ
coconut_chutney_tbsp,Chutney de coco,Chutney à la noix de coco,Kokos-Chutney,Chutney al cocco,ココナッツチャツネ,chutney de coco;salsa de coco,chutney de coco;chutney coco,kokoschutney;kokos chutney,chutney al cocco;chutney di cocco,ココナッツチャツネ;チャツネ
green_chutney_tbsp,Chutney verde (menta y cilantro),Chutney vert (menthe et coriandre),Grünes Chutney (Minze und Koriander),Chutney verde (menta e coriandolo),グリーンチャツネ（ミントとコリアンダー）,chutney verde;chutney de menta,chutney vert;chutney à la menthe,grünes chutney;minzchutney;minz chutney;koriander chutney,chutney verde;chutney alla menta,グリーンチャツネ;ミントチャツネ;パクチーチャツネ
ghee_tsp,"Ghee (mantequilla clarificada, 1 cucharadita)","Ghee (beurre clarifié, 1 cuillère à café)","Ghee (Butterschmalz, 1 TL)","Ghee (burro chiarificato, 1 cucchiaino)",ギー（澄ましバター・小さじ1）,mantequilla clarificada,beurre clarifié;beurre clarifie,butterschmalz;geklärte butter,burro chiarificato,ギー;澄ましバター;ギーバター
sugar_tsp,Azúcar (1 cucharadita),Sucre (1 cuillère à café),Zucker (1 TL),Zucchero (1 cucchiaino),砂糖（小さじ1）,azúcar;azucar;azúcar blanco;azúcar blanca,sucre;sucre blanc;sucre en poudre,zucker;weißer zucker;haushaltszucker,zucchero;zucchero bianco;zucchero semolato,砂糖;さとう;白砂糖;グラニュー糖;上白糖
us_cheeseburger_piece,Hamburguesa con queso,Cheeseburger,Cheeseburger,Cheeseburger,チーズバーガー,hamburguesa con queso;cheeseburger,cheeseburger;burger au fromage,cheeseburger;käseburger,cheeseburger;hamburger al formaggio,チーズバーガー;ベーコンチーズバーガー
us_hamburger_piece,Hamburguesa,Hamburger,Hamburger,Hamburger,ハンバーガー,hamburguesa;burger,hamburger;burger,hamburger;burger,hamburger;burger,ハンバーガー;バーガー
us_french_fries_serving,Patatas fritas,Frites,Pommes frites,Patatine fritte,フライドポテト,patatas fritas;papas fritas,frites;pommes frites,pommes frites;pommes;fritten,patatine fritte;patatine,フライドポテト;ポテトフライ
us_pizza_pepperoni_slice,Pizza de pepperoni (porción),Pizza au pepperoni (part),Salami-Pizza (Stück),Pizza al salame piccante (trancio),ペパロニピザ（1切れ）,pizza de pepperoni,pizza au pepperoni;pizza pepperoni,salamipizza;pizza mit salami;peperoni-pizza,pizza al salame piccante;pizza diavola,ペパロニピザ;サラミピザ
us_pizza_cheese_slice,Pizza de queso (porción),Pizza au fromage (part),Käsepizza (Stück),Pizza al formaggio (trancio),チーズピザ（1切れ）,pizza;pizza de queso;porción de pizza,pizza;pizza au fromage;part de pizza,pizza;käsepizza;stück pizza,pizza;pizza al formaggio;trancio di pizza,ピザ;チーズピザ
us_pancake_piece,Tortita americana,Pancake,Pancake,Pancake,パンケーキ（1枚）,tortita;tortitas;tortitas americanas;pancakes,pancake;pancakes;crêpe épaisse,pancake;pancakes;amerikanischer pfannkuchen,pancake;pancakes,パンケーキ;ホットケーキ
us_syrup_tbsp,Sirope para tortitas,Sirop pour pancakes,Pancake-Sirup,Sciroppo per pancake,パンケーキシロップ,sirope;sirope de arce;jarabe,sirop;sirop d'érable,sirup;ahornsirup,sciroppo;sciroppo d'acero,シロップ;メープルシロップ
us_scrambled_eggs_serving,Huevos revueltos,Œufs brouillés,Rührei,Uova strapazzate,スクランブルエッグ,huevos revueltos;huevos fritos,œufs brouillés;oeufs brouillés;œufs au plat,rührei;spiegelei;spiegeleier,uova strapazzate;uova all'occhio di bue,スクランブルエッグ;目玉焼き
us_bacon_slice,Beicon (loncha),Bacon (tranche),Bacon (Scheibe),Bacon (fetta),ベーコン（1枚）,beicon;bacon;panceta,bacon;tranche de bacon,bacon;frühstücksspeck,bacon;pancetta croccante,ベーコン;カリカリベーコン
us_mac_cheese_cup,Macarrones con queso,Macaroni au fromage,Makkaroni mit Käse,Maccheroni al formaggio,マカロニチーズ,macarrones con queso;mac and cheese,macaroni au fromage;mac and cheese,makkaroni mit käse;mac and cheese;käsemakkaroni,maccheroni al formaggio;mac and cheese,マカロニチーズ;マカロニアンドチーズ
us_fried_chicken_piece,Pollo frito (pieza),Poulet frit (morceau),Frittiertes Hähnchen (Stück),Pollo fritto (pezzo),フライドチキン（1ピース）,pollo frito;pollo rebozado,poulet frit;poulet pané,frittiertes hähnchen;brathähnchen paniert;fried chicken,pollo fritto;pollo impanato,フライドチキン;骨付きフライドチキン
us_fried_okra_cup,Okra frita,Gombo frit,Frittierte Okra,Okra fritta,オクラのフライ,okra frita;quimbombó frito,gombo frit;okra frit,frittierte okra;okra frittiert,okra fritta;gombo fritto,オクラのフライ;オクラフライ
us_steak_serving,Filete de ternera,Steak,Steak,Bistecca,ステーキ,filete;bistec;chuletón;entrecot,steak;bifteck;entrecôte,steak;rindersteak;rumpsteak,bistecca;filetto di manzo;entrecôte,ステーキ;ビーフステーキ
us_mashed_potatoes_serving,Puré de patatas,Purée de pommes de terre,Kartoffelpüree,Purè di patate,マッシュポテト,puré de patatas;puré de papas,purée;purée de pommes de terre,kartoffelpüree;kartoffelbrei,purè di patate;purea di patate,マッシュポテト
us_corn_cob_piece,Mazorca de maíz,Épi de maïs,Maiskolben,Pannocchia di mais,とうもろこし（1本）,mazorca;mazorca de maíz;elote,épi de maïs;maïs en épi,maiskolben;gegrillter mais,pannocchia;pannocchia di mais,とうもろこし;焼きとうもろこし
us_coleslaw_serving,Ensalada de col (coleslaw),Salade de chou (coleslaw),Krautsalat (Coleslaw),Insalata di cavolo (coleslaw),コールスロー,ensalada de col;coleslaw,salade de chou;coleslaw,krautsalat;coleslaw,insalata di cavolo;coleslaw,コールスロー
us_caesar_salad_serving,Ensalada César (sin aliño),Salade César (sans sauce),Caesar Salad (ohne Dressing),Insalata Caesar (senza condimento),シーザーサラダ（ドレッシングなし）,ensalada césar,salade césar,caesar salad;cäsarsalat,insalata caesar,シーザーサラダ
us_grilled_chicken_piece,Pechuga de pollo a la plancha,Blanc de poulet grillé,Gegrillte Hähnchenbrust,Petto di pollo alla griglia,グリルチキン（胸肉）,pechuga de pollo;pollo a la plancha,blanc de poulet;poulet grillé,hähnchenbrust;gegrilltes hähnchen,petto di pollo;pollo alla griglia,グリルチキン;鶏むね肉のグリル
us_hot_dog_piece,Perrito caliente,Hot-dog,Hotdog im Brötchen,Hot dog nel panino,ホットドッグ,perrito caliente;perrito;hot dog,hot-dog;hot dog,hotdog;hot dog;würstchen im brötchen,hot dog;panino con würstel,ホットドッグ
us_cola_can,Refresco de cola,Cola,Cola,Cola,コーラ,refresco de cola;coca-cola;refresco,cola;coca-cola;soda,cola;coca-cola;softdrink,cola;coca-cola;bibita gassata,コーラ;コカ・コーラ;炭酸飲料
us_diet_cola_can,Refresco de cola light,Cola light,Cola light,Cola light,ダイエットコーラ,cola light;coca-cola zero;refresco sin azúcar,cola light;coca-cola zéro;soda light,cola light;cola zero;zuckerfreie cola,cola light;coca-cola zero;bibita senza zucchero,ダイエットコーラ;コーラゼロ;ゼロコーラ
us_orange_juice_glass,Zumo de naranja,Jus d'orange,Orangensaft,Succo d'arancia,オレンジジュース,zumo de naranja;jugo de naranja,jus d'orange,orangensaft;o-saft,succo d'arancia;spremuta d'arancia,オレンジジュース
us_apple_pie_slice,Tarta de manzana (porción),Tarte aux pommes (part),Apple Pie (Stück),Torta di mele americana (fetta),アップルパイ（1切れ）,tarta de manzana;pastel de manzana,tarte aux pommes;apple pie,apple pie;amerikanischer apfelkuchen,torta di mele;apple pie,アップルパイ
us_ice_cream_serving,Helado,Glace,Speiseeis,Gelato,アイスクリーム,helado;helado de vainilla,glace;crème glacée;glace vanille,eis;eiscreme;vanilleeis,gelato;gelato alla vaniglia,アイスクリーム;アイス;バニラアイス
us_cookie_piece,Galleta con pepitas de chocolate,Cookie aux pépites de chocolat,Chocolate-Chip-Cookie,Biscotto con gocce di cioccolato,チョコチップクッキー,galleta con chocolate;cookie,cookie;cookie au chocolat,cookie;schokokeks,cookie;biscotto al cioccolato,クッキー;チョコチップクッキー
us_doughnut_piece,Dónut,Donut,Donut,Ciambella (donut),ドーナツ,dónut;donut;rosquilla,donut;beignet américain,donut;krapfen-ring,ciambella;donut,ドーナツ;ドーナッツ
us_waffle_piece,Gofre,Gaufre,Waffel,Waffle,ワッフル,gofre;waffle,gaufre;gaufre belge,waffel;belgische waffel,waffle;cialda,ワッフル;ベルギーワッフル
us_dill_pickle_piece,Pepinillo encurtido al eneldo,Cornichon à l'aneth,Dillgurke,Cetriolino all'aneto,ディルピクルス,pepinillo;pepinillo en vinagre,cornichon;cornichon à l'aneth,dillgurke;gewürzgurke,cetriolino;cetriolino sottaceto,ディルピクルス;きゅうりのピクルス
us_tomato_slices_serving,Tomate en rodajas,Tomate en tranches,Tomatenscheiben,Pomodoro a fette,スライストマト,tomate en rodajas;rodajas de tomate,tomate en tranches;tranches de tomate,tomatenscheiben;tomate in scheiben,pomodoro a fette;fette di pomodoro,スライストマト;トマトスライス
us_carrots_raw_serving,Zanahoria cruda,Carottes crues,Rohe Karotten,Carote crude,生のにんじん,zanahoria rallada;zanahorias crudas;palitos de zanahoria,carottes râpées;carottes crues;bâtonnets de carotte,karottenstifte;geraspelte karotten;rohe möhren,carote crude;carote grattugiate;bastoncini di carota,にんじんスティック;生にんじん;千切りにんじん
us_bagel_piece,Bagel,Bagel,Bagel,Bagel,ベーグル,bagel;bagel con queso crema,bagel;bagel au cream cheese,bagel;bagel mit frischkäse,bagel;bagel con formaggio spalmabile,ベーグル;クリームチーズベーグル
us_butter_pat,Mantequilla (porción),Beurre (noisette),Butter (Portion),Burro (porzione),バター（1かけ）,mantequilla,beurre;noisette de beurre,butter;butterflocke,burro;ricciolo di burro,バター
us_lettuce_serving,Lechuga,Laitue,Kopfsalat,Lattuga,レタス,lechuga;hojas de lechuga,laitue;feuilles de laitue,kopfsalat;salatblätter;eisbergsalat,lattuga;foglie di lattuga,レタス
us_mixed_berries_serving,Frutos rojos variados,Fruits rouges mélangés,Gemischte Beeren,Frutti di bosco misti,ミックスベリー,frutos rojos;frutos del bosque;arándanos,fruits rouges;baies;myrtilles,beeren;gemischte beeren;heidelbeeren,frutti di bosco;mirtilli;lamponi,ミックスベリー;ベリー;ブルーベリー
us_sauteed_vegetables_serving,"Verduras salteadas (bok choy, pimiento)","Légumes sautés (bok choy, poivron)","Gebratenes Gemüse (Pak Choi, Paprika)","Verdure saltate (pak choi, peperoni)",野菜炒め（チンゲンサイ・パプリカ）,salteado de bok choy;bok choy salteado,bok choy sauté;poivrons sautés,gebratener pak choi;pak choi mit paprika,pak choi saltato;peperoni saltati,チンゲンサイ炒め;パプリカ炒め
us_mixed_vegetables_serving,"Menestra de verduras (maíz, guisantes, zanahoria)",Macédoine de légumes,"Gemischtes Gemüse (Mais, Erbsen, Karotten)","Verdure miste (mais, piselli, carote)",ミックスベジタブル,menestra;macedonia de verduras,macédoine;macédoine de légumes,buttergemüse;erbsen und möhren,macedonia di verdure;piselli e carote,ミックスベジタブル
us_sweet_tea_glass,Té helado endulzado,Thé glacé sucré,Eistee gesüßt,Tè freddo zuccherato,甘いアイスティー,té helado;té frío endulzado,thé glacé;thé froid sucré,eistee;süßer eistee,tè freddo;tè freddo dolce,アイスティー;甘いアイスティー
us_unsweet_tea_glass,Té helado sin azúcar,Thé glacé sans sucre,Eistee ungesüßt,Tè freddo senza zucchero,無糖アイスティー,té helado sin azúcar,thé glacé sans sucre,ungesüßter eistee,tè freddo senza zucchero,無糖アイスティー
mithai_50g,"Dulces indios variados (mithai, 50 g)","Douceurs indiennes assorties (mithai, 50 g)","Indische Süßigkeiten, gemischt (Mithai, 50 g)","Dolci indiani assortiti (mithai, 50 g)",インドのお菓子盛り合わせ（ミターイ、50 g）,dulces;dulces indios;mithai,sucreries;douceurs indiennes;mithai,süßigkeiten;indische süßigkeiten;mithai,dolci;dolci indiani;mithai,お菓子;インドのお菓子;ミターイ
